Estimate,SE,site,subpop,phe,bic,loglik
0.798542525621797,0.05082508560910344,TX1,Gulf,FL50,1165.596765218362,-577.7679446877885
0.9001996094090828,0.025124218051767913,TX1,Gulf,dyln_fl50,-185.65124247611902,97.85605915945195
0.6776908354251721,0.0800574814584038,TX1,Gulf,dyln_change_sec,1309.0910903780841,-649.5151072676496
0.812242720527624,0.047139502185411915,TX1,Gulf,cgdd_12c_gr2fl,2047.4359724994392,-1018.6875483283271
0.30848559809400083,0.11659574309575015,TX1,Gulf,crain_gr2fl,1466.433341454704,-728.1862328059595
0.5445055176173086,0.12580467250359856,TX1,Gulf,crain_1d,695.3681764017906,-342.65365027950287
1.428454179229878e-7,0.08283983900737829,TX1,Gulf,crain_2d,831.541803023879,-410.74046359054705
1.565597556335655e-7,0.05661428381859446,TX1,Gulf,crain_3d,867.609188962015,-428.77415655961505
0.02840026145626777,0.03966688260804062,TX1,Gulf,crain_5d,1162.2967537200923,-576.1179389386537
0.02274919591976852,0.03714771090447082,TX1,Gulf,crain_7d,1163.4441991557103,-576.6916616564627
0.9999990741138567,2.722656865211848e-7,TX1,Midwest,FL50,159.2449804874164,-76.48699602777904
0.9999988797724914,3.294379344759078e-7,TX1,Midwest,dyln_fl50,-30.674452783567418,18.47272060771286
0.9999992361369543,2.245867379422617e-7,TX1,Midwest,dyln_change_sec,176.41577035137533,-85.07239095975852
0.9999976955653795,2.1127304072138586,TX1,Midwest,cgdd_12c_gr2fl,285.8297173615509,-139.77936446484628
0.9999992556199738,2.1884740741629782e-7,TX1,Midwest,crain_gr2fl,210.49130419260194,-102.11015788037183
0.9999988638651001,3.339285395827535e-7,TX1,Midwest,crain_1d,139.97877384010508,-66.8538927041234
0.9999990885879626,2.6875347051357864e-7,TX1,Midwest,crain_2d,139.63894100549913,-66.68397628682041
0.7333852333847249,2.0288155540914694,TX1,Midwest,crain_3d,139.788669407707,-66.75884048792436
0.7278654035268921,1.4613176862674722,TX1,Midwest,crain_5d,149.68298743037525,-71.70599949925848
0.9999987887774363,3.560051351875675e-7,TX1,Midwest,crain_7d,163.50763109320332,-78.61832133067252
0.8141276553692106,0.0436174036284541,TX1,Gulf_and_Midwest,FL50,1353.6746601700145,-671.6611803524335
0.890008175580492,0.026892078849924787,TX1,Gulf_and_Midwest,dyln_fl50,-218.40154113740903,114.37692030127835
0.7255840326301983,0.061566134069728336,TX1,Gulf_and_Midwest,dyln_change_sec,1518.747107764634,-754.1974041497432
0.8216748875291165,0.04171434071750728,TX1,Gulf_and_Midwest,cgdd_12c_gr2fl,2370.745152716358,-1180.1964266256052
0.5129121157191925,0.08461367697168724,TX1,Gulf_and_Midwest,crain_gr2fl,1714.4135087027598,-852.0306046188061
0.6941020458230824,0.08288110935189412,TX1,Gulf_and_Midwest,crain_1d,850.9318515862343,-420.2897760605433
0.03883707049909234,0.06439013583826075,TX1,Gulf_and_Midwest,crain_2d,973.6342808933548,-481.64099071410357
0.02023493427433506,0.052549530239081536,TX1,Gulf_and_Midwest,crain_3d,1006.6330668340737,-498.140383684463
0.02528245828523937,0.03434616199751029,TX1,Gulf_and_Midwest,crain_5d,1323.625107851602,-656.6364041932272
0.018902822727730004,0.03418670240864278,TX1,Gulf_and_Midwest,crain_7d,1330.939547328306,-660.2936239315792
0.9700229497442562,0.03741922938387087,TX1,Atlantic,FL50,462.12419986309374,-226.95122606737357
0.8563936382739429,0.17113257494400008,TX1,Atlantic,dyln_fl50,-96.13416020878523,52.17795396856593
0.9884309096076738,0.015587760831012114,TX1,Atlantic,dyln_change_sec,526.2729108854934,-259.0255815785734
0.9860286205014592,0.018469762789078352,TX1,Atlantic,cgdd_12c_gr2fl,806.6923099975916,-399.2352811346225
0.9173326149218134,0.07856051800676263,TX1,Atlantic,crain_gr2fl,595.3170503342218,-293.5476513029376
0.5062147429787666,0.2721888633571066,TX1,Atlantic,crain_1d,320.19276805031706,-155.98551016098523
0.5563292795347465,0.34250199734433223,TX1,Atlantic,crain_2d,358.4535051576062,-175.1158787146298
0.5993808727301736,0.3206764630338614,TX1,Atlantic,crain_3d,360.8460098580569,-176.31213106485515
1.9163242568778223e-6,3.469718286106074e-7,TX1,Atlantic,crain_5d,476.4079864922633,-234.09311938195836
1.9553810202556533e-6,3.540433990112188e-7,TX1,Atlantic,crain_7d,479.752925333451,-235.7655888025522
0.8061184229822765,0.04136590421438322,TX1,three_subpops,FL50,1823.023656913187,-906.0353649046621
0.8688419989448728,0.030182234724429765,TX1,three_subpops,dyln_fl50,-303.844218061267,157.398572582565
0.7371975733492169,0.05313008507917327,TX1,three_subpops,dyln_change_sec,2051.5804234006423,-1020.3137481483897
0.8143681100256163,0.039381424692325646,TX1,three_subpops,cgdd_12c_gr2fl,3195.726698046261,-1592.3868854711989
0.564438173167884,0.07022213987101032,TX1,three_subpops,crain_gr2fl,2316.0393391123416,-1152.5432060042392
0.6456290104431531,0.08716458598654858,TX1,three_subpops,crain_1d,1163.838029357879,-576.442551127008
0.11221608985690609,0.09703267173903954,TX1,three_subpops,crain_2d,1329.972151847736,-659.5096123719366
0.12695687164494307,0.11380149277565038,TX1,three_subpops,crain_3d,1364.5240248903642,-676.7855488932506
0.023857122864406066,0.0381156385801987,TX1,three_subpops,crain_5d,1799.5421582303013,-894.2946155632192
0.026621887323701757,0.04346457864977404,TX1,three_subpops,crain_7d,1811.0411167915497,-900.0440948438434
0.9769529822914843,0.0041768560811033814,TX2,Gulf,FL50,1853.0581499279938,-920.9123038663303
0.9825886427278449,0.003151773248946438,TX2,Gulf,dyln_fl50,-213.79450881087428,112.51402550310371
0.9412180265563117,0.010776320086888818,TX2,Gulf,dyln_change_sec,1938.2808244626303,-963.5236411336485
0.9739488425724002,0.004722982333685457,TX2,Gulf,cgdd_12c_gr2fl,3446.4570345500542,-1717.6117461773606
0.9869110728607976,0.0023670396246618297,TX2,Gulf,crain_gr2fl,1999.3449721779766,-994.0557149913218
0.3266459915645213,0.12309216501928136,TX2,Gulf,crain_1d,960.6989836166543,-474.7327207106606
0.49446498603208705,0.09271637601782075,TX2,Gulf,crain_2d,1099.4968855146471,-544.131671659657
0.5512588770022233,0.08243383881283153,TX2,Gulf,crain_3d,1251.3017783659106,-620.0341180852887
0.5932903906611882,0.07619651056613795,TX2,Gulf,crain_5d,1567.7952139302438,-778.2808358674553
0.6807229174006079,0.060168272187204705,TX2,Gulf,crain_7d,1581.5508731706054,-785.1586654876362
0.9640396839789599,0.03465423788898107,TX2,Midwest,FL50,756.5512891062741,-373.4798540075403
0.9202773427695053,0.07018326314061259,TX2,Midwest,dyln_fl50,-265.4742558428435,137.53291846701848
0.9836329948129124,0.01605357490052331,TX2,Midwest,dyln_change_sec,908.5108912118768,-449.4596550603417
0.983981421185176,0.01595371108952593,TX2,Midwest,cgdd_12c_gr2fl,1399.2391376148398,-694.8237782618231
0.9551121211632768,0.04362060800919853,TX2,Midwest,crain_gr2fl,1114.3018787953276,-552.355148852067
2.090309048532198e-6,2.687308787513913e-7,TX2,Midwest,crain_1d,749.8514125444432,-370.12991572662486
0.10113971412167665,0.2925989678340059,TX2,Midwest,crain_2d,875.992145381692,-433.2002821452493
0.29552808086018345,0.31760704566375886,TX2,Midwest,crain_3d,940.2188872969133,-465.3136531028599
0.49332931998612833,0.2873792850626027,TX2,Midwest,crain_5d,1055.7357624371975,-523.072090673002
0.4872204895807121,0.2520320340987709,TX2,Midwest,crain_7d,1074.5464237311787,-532.4774213199926
0.968987046547558,0.005163053929150594,TX2,Gulf_and_Midwest,FL50,2695.303775498444,-1341.6679514685347
0.9731263181837794,0.0044819830417686555,TX2,Gulf_and_Midwest,dyln_fl50,-316.9093346904301,164.43860362590226
0.9460848276169658,0.008963961694951937,TX2,Gulf_and_Midwest,dyln_change_sec,2890.4355139629397,-1439.2338207007826
0.9638473588607365,0.00601007980364553,TX2,Gulf_and_Midwest,cgdd_12c_gr2fl,4978.06872285966,-2483.050425149143
0.990071072025123,0.0016580572001805222,TX2,Gulf_and_Midwest,crain_gr2fl,3158.3831347143923,-1573.207631076509
0.8193424526295029,0.03287473918452526,TX2,Gulf_and_Midwest,crain_1d,1986.470623339175,-987.2513753889003
0.7681093937936706,0.04145390893412783,TX2,Gulf_and_Midwest,crain_2d,2376.515865528448,-1182.2739964835368
0.8545916477009411,0.025410476721814786,TX2,Gulf_and_Midwest,crain_3d,2562.0251225974807,-1275.0286250180532
0.9035271649585059,0.016724941911820976,TX2,Gulf_and_Midwest,crain_5d,2925.701422489162,-1456.8667749638937
0.8833156642784654,0.02016348987771211,TX2,Gulf_and_Midwest,crain_7d,2991.1381150501984,-1489.585121244412
0.906112122956348,0.03983620901002677,TX2,Atlantic,FL50,1716.001715764837,-852.4173615736368
0.6705326993045173,0.09909771620900651,TX2,Atlantic,dyln_fl50,-796.1553663826469,403.66117950010516
0.933806822076861,0.030517454858807757,TX2,Atlantic,dyln_change_sec,2110.842767614199,-1049.837887498318
0.9127410590344108,0.037247759730872465,TX2,Atlantic,cgdd_12c_gr2fl,3200.3014765098383,-1594.5672419461375
0.9801699839856419,0.012241065053616799,TX2,Atlantic,crain_gr2fl,2260.7655923980005,-1124.7992998902187
0.021296833886388852,0.11776350483614818,TX2,Atlantic,crain_1d,1356.191754789292,-672.5123810858643
0.03837220057388678,0.1267855174452155,TX2,Atlantic,crain_2d,1428.5793980132662,-708.7062026978514
0.041279168338388246,0.12610906482132944,TX2,Atlantic,crain_3d,1544.0211968540304,-766.4271021182335
0.5292709063549574,0.21370451678402297,TX2,Atlantic,crain_5d,1899.4877676675835,-944.16038752501
0.5998694886493384,0.18446876163593673,TX2,Atlantic,crain_7d,1943.85289999721,-966.3429536898233
0.9526263265356443,0.007171455946147033,TX2,three_subpops,FL50,4490.0015264574795,-2238.5024810792634
0.9513201936945282,0.007448372438888633,TX2,three_subpops,dyln_fl50,-640.2993482883786,326.64795629366574
0.9422941851450938,0.008627352663125396,TX2,three_subpops,dyln_change_sec,4979.940921948513,-2483.4721788247803
0.9453720762784525,0.008223335187408002,TX2,three_subpops,cgdd_12c_gr2fl,8283.127868680518,-4135.065652190782
0.9873150896010817,0.0019532955523382887,TX2,three_subpops,crain_gr2fl,5423.982780272552,-2705.4931079867997
0.7018486771334541,0.05450567230632804,TX2,three_subpops,crain_1d,3358.4715704954465,-1672.7375030982469
0.5576371394590788,0.07650224931723337,TX2,three_subpops,crain_2d,3865.971854791481,-1926.487645246264
0.742784556018371,0.04405157601517476,TX2,three_subpops,crain_3d,4190.006500391657,-2088.504968046352
0.8622438234150402,0.022741226056216972,TX2,three_subpops,crain_5d,4863.112385547014,-2425.0579106240307
0.8359634743542596,0.026813045130053417,TX2,three_subpops,crain_7d,4968.62275615886,-2477.8130959299538
0.6290370876610701,0.085326587529451,TX3,Gulf,FL50,1750.4100311578752,-869.7327449052661
0.6377804787738524,0.08043422356607818,TX3,Gulf,dyln_fl50,-2.3797281122235443,6.662134729783247
0.48108624148799944,0.12238024952211453,TX3,Gulf,dyln_change_sec,1776.2182708452353,-882.6368647489462
0.632070695540961,0.08381262788155334,TX3,Gulf,cgdd_12c_gr2fl,3106.553022383853,-1547.804240518255
0.877920312570564,0.033797120306544075,TX3,Gulf,crain_gr2fl,1684.1207166814968,-836.5880876670769
0.09006101716342589,0.09872285826100151,TX3,Gulf,crain_1d,1055.1217699176457,-522.0886142851514
0.01231468225293661,0.0436747641943614,TX3,Gulf,crain_2d,1123.7196591581394,-556.3875589053982
1.5323188831575903e-7,0.04229402078786924,TX3,Gulf,crain_3d,1209.7820812656162,-599.4187699591366
0.003259418542204378,0.03302443208585451,TX3,Gulf,crain_5d,1327.2735465688615,-658.1645026107593
0.4755172190407274,0.13547023279549214,TX3,Gulf,crain_7d,1358.6267558720601,-673.8411072623586
0.9999992614673776,1.3596865513920948e-7,TX3,Midwest,FL50,465.55007458719405,-228.6974998496913
0.9999995139202164,8.949126592268978e-8,TX3,Midwest,dyln_fl50,-57.93641610529336,33.0457454965524
0.9999995093639482,0.5910265762085926,TX3,Midwest,dyln_change_sec,539.8059819943876,-265.82545355328807
0.9999966281980825,6.207833183178576e-7,TX3,Midwest,cgdd_12c_gr2fl,788.0297883226464,-389.93735671741746
0.9164435595051856,0.5602531402085955,TX3,Midwest,crain_gr2fl,610.0641169323951,-300.95452102229183
0.26895423382764727,0.7773651673396516,TX3,Midwest,crain_1d,158.75542652017361,-75.30017581618108
1.857478640116736e-6,0.6632481469615755,TX3,Midwest,crain_2d,313.34951722669655,-152.59722116944255
1.859204701341272e-6,3.422795749633266e-7,TX3,Midwest,crain_3d,306.65153712881636,-149.24823112050245
0.9999982692372669,0.7974648359243162,TX3,Midwest,crain_5d,367.1254238004738,-179.48517445633118
0.9999960403825073,7.289403499708501e-7,TX3,Midwest,crain_7d,369.71508747400105,-180.7800062930948
0.7620012597971466,0.05034585516208657,TX3,Gulf_and_Midwest,FL50,2248.709712968333,-1118.6577629976612
0.6570281406587746,0.06764177611222728,TX3,Gulf_and_Midwest,dyln_fl50,-34.189172300584836,22.791679636797824
0.8535466426170639,0.033397395514640264,TX3,Gulf_and_Midwest,dyln_change_sec,2420.0670351007384,-1204.336424063864
0.7511287538150797,0.05145410548107836,TX3,Gulf_and_Midwest,cgdd_12c_gr2fl,3930.6485999495835,-1959.6272064882864
0.9851875678022877,0.003402319955101156,TX3,Gulf_and_Midwest,crain_gr2fl,2562.7635578079426,-1275.684685417466
0.11255248311084007,0.09152165592268971,TX3,Gulf_and_Midwest,crain_1d,1263.9559328979174,-626.2808729624533
0.07210326031634967,0.06861714338840245,TX3,Gulf_and_Midwest,crain_2d,1437.8978134170368,-713.251813222013
0.05641337274498415,0.05995554563296091,TX3,Gulf_and_Midwest,crain_3d,1514.3906371562648,-751.498225091627
0.5645247746219243,0.10273603747303725,TX3,Gulf_and_Midwest,crain_5d,1711.7925912872654,-850.1992021571273
0.643129105178547,0.08886764982479094,TX3,Gulf_and_Midwest,crain_7d,1737.6396412708234,-863.1227271489063
0.731529026509,0.14828106140724456,TX3,Atlantic,FL50,846.8927008503337,-418.8116214369372
0.4901591720031138,0.1976204309469152,TX3,Atlantic,dyln_fl50,8.314928222086301,0.47726487718648514
0.9312167646875859,0.06692982928687906,TX3,Atlantic,dyln_change_sec,944.1223901284853,-467.426466076013
0.7078078901523701,0.14488376971706965,TX3,Atlantic,cgdd_12c_gr2fl,1423.7945539224952,-707.262547973018
0.9259203810085872,0.06997598337965114,TX3,Atlantic,crain_gr2fl,1041.8796588873004,-516.3051004554205
0.987260551944309,0.015358584381163477,TX3,Atlantic,crain_1d,325.518519321249,-158.12453067239488
0.9984008878434051,0.002158467824111542,TX3,Atlantic,crain_2d,547.0930439335434,-268.91179297854205
0.9989804159117078,0.0014360383523547432,TX3,Atlantic,crain_3d,592.7512145716579,-291.7408782975993
0.9989804159117078,0.0014360383523547432,TX3,Atlantic,crain_3d,592.7512145716579,-291.7408782975993
0.9994740848055621,6.907938558533697e-4,TX3,Atlantic,crain_7d,660.0025476691751,-325.3665448463579
0.7710858414174471,0.04455095782813188,TX3,three_subpops,FL50,3089.687550287886,-1538.847323055324
0.6358963618874713,0.06299119452062785,TX3,three_subpops,dyln_fl50,-33.975684127581786,22.984294152409916
0.8856000524016278,0.024616414629239608,TX3,three_subpops,dyln_change_sec,3366.8527831340066,-1677.4299394783843
0.7554925987341274,0.04590686555492387,TX3,three_subpops,cgdd_12c_gr2fl,5353.648708646349,-2670.8279022345555
0.9831354575583648,0.003729680717458751,TX3,three_subpops,crain_gr2fl,3625.0144223658526,-1806.5107590943073
0.09895036753169253,0.07035205193550374,TX3,three_subpops,crain_1d,1626.6719928794562,-807.3395443511091
0.13548020080401324,0.10462608338054767,TX3,three_subpops,crain_2d,1992.346773010883,-990.1769344168225
0.13272684724013453,0.108812441211157,TX3,three_subpops,crain_3d,2123.7205423868804,-1055.8638191048212
0.6690730414320236,0.07431486079979571,TX3,three_subpops,crain_5d,2378.1941542217496,-1183.1006250222558
0.7138326457512474,0.0665870048482368,TX3,three_subpops,crain_7d,2400.123655026165,-1194.0653754244636
0.8569947721132669,0.0460394753370791,OK,Gulf,FL50,648.6563682861167,-319.68379324391697
0.8518373626360757,0.04732821813572925,OK,Gulf,dyln_fl50,-54.02651013565509,31.657645966968914
0.8885261539402038,0.03750685590217127,OK,Gulf,dyln_change_sec,624.0429784048808,-307.377098303299
0.6448768144533887,0.10603952342474364,OK,Gulf,cgdd_12c_gr2fl,1242.6984720719483,-616.7048451368328
2.747422118405413e-7,0.07624674664447137,OK,Gulf,crain_gr2fl,1196.7084401006782,-593.7098291511977
0.08151624145902907,0.08085697138270519,OK,Gulf,crain_1d,680.511165161329,-335.6111916815231
0.06698230589081454,0.07755355671671929,OK,Gulf,crain_2d,742.9349792077036,-366.8230987047104
0.047307592550899974,0.06394223781611096,OK,Gulf,crain_3d,752.3238058701521,-371.51751203593466
0.025915151808976744,0.06621833122946007,OK,Gulf,crain_5d,822.3817609193372,-406.5464895605272
0.14191472214203857,0.12634488559575002,OK,Gulf,crain_7d,832.0133017958118,-411.3622599987645
0.999998930250909,2.078012536785673e-7,OK,Midwest,FL50,368.7819102805544,-180.42066322672508
0.9999995162026941,9.397931746209975e-8,OK,Midwest,dyln_fl50,-42.91683941031564,25.42871161870994
0.9999990189895256,1.9055825367627894e-7,OK,Midwest,dyln_change_sec,452.2951660871648,-222.17729113003026
0.9999991147122833,1.71969917938129e-7,OK,Midwest,cgdd_12c_gr2fl,662.9977068394122,-327.528561506154
0.999998959061786,2.0219875171860943e-7,OK,Midwest,crain_gr2fl,620.4085898657942,-306.234003019345
6.549395690997375e-7,1.0327376389949547,OK,Midwest,crain_1d,290.1971078757598,-141.12826202432777
1.123065083635171e-6,1.0497605884874561,OK,Midwest,crain_2d,305.0711650123933,-148.56529059264452
0.38724757537764304,0.914963311602804,OK,Midwest,crain_3d,330.15009601489373,-161.10475609389474
0.9999988176866679,0.7130129247930816,OK,Midwest,crain_5d,393.40021343139733,-192.72981480214654
0.9999991105965725,1.727643059876191e-7,OK,Midwest,crain_7d,405.25206609252575,-198.65574113271074
0.8959291182057791,0.03140387711156893,OK,Gulf_and_Midwest,FL50,1029.0848610221651,-509.4798354780556
0.8521491718761928,0.042275944191188096,OK,Gulf_and_Midwest,dyln_fl50,-90.05624283856369,50.09071645230881
0.975353654181718,0.007725223645901312,OK,Gulf_and_Midwest,dyln_change_sec,1155.9601157851648,-572.9174628595555
0.7666514314740074,0.06464600873824503,OK,Gulf_and_Midwest,cgdd_12c_gr2fl,1924.5916872006978,-957.233248567322
0.30112172586453434,0.14423409584853844,OK,Gulf_and_Midwest,crain_gr2fl,1826.6229243242587,-908.2488671291025
0.08809063493895274,0.06545241364957198,OK,Gulf_and_Midwest,crain_1d,986.4343449590295,-488.1545774464878
0.09000232533332066,0.06754726507082809,OK,Gulf_and_Midwest,crain_2d,1076.1092493330468,-532.9920296334965
0.07564810745511692,0.059289074065616156,OK,Gulf_and_Midwest,crain_3d,1098.6353133024088,-544.2550616181775
0.07830492370517035,0.07326248827689966,OK,Gulf_and_Midwest,crain_5d,1222.42080778572,-606.147808859833
0.1918677933421027,0.12042052436674905,OK,Gulf_and_Midwest,crain_7d,1242.0432626565105,-615.9590362952283
0.9761760909858138,0.02157010657374991,OK,Atlantic,FL50,562.0684800858696,-276.55690322845663
0.9638291576419359,0.03242465177948838,OK,Atlantic,dyln_fl50,-86.19040378150322,47.57253870522982
0.9888264625730979,0.01056058642761548,OK,Atlantic,dyln_change_sec,673.3513419343114,-332.1983341526775
0.7881806972412514,0.10755602302682184,OK,Atlantic,cgdd_12c_gr2fl,1059.7308367949042,-525.3880815829739
0.2724710985136531,0.2742110436830112,OK,Atlantic,crain_gr2fl,1015.077388393122,-503.06135738208275
0.2727507283215428,0.29218123214598984,OK,Atlantic,crain_1d,528.8863370485158,-259.96583170977965
0.4083368996894255,0.33374178406432586,OK,Atlantic,crain_2d,568.4824571248009,-279.7638917479223
0.49086631815855786,0.31018548211587216,OK,Atlantic,crain_3d,571.067036195421,-281.0561812832323
0.5403390626504625,0.36604174813348517,OK,Atlantic,crain_5d,681.4954838177507,-336.2704050943972
0.5525206192056932,0.3254244736036957,OK,Atlantic,crain_7d,706.9936786121177,-349.0195024915806
0.8937073526469497,0.028696149563829827,OK,three_subpops,FL50,1593.7917900663194,-791.3865066965318
0.8456632135357846,0.038745576934602045,OK,three_subpops,dyln_fl50,-172.19023733763527,91.60450700544561
0.9746402507801587,0.007359468776647254,OK,three_subpops,dyln_change_sec,1825.094405647249,-907.0378144869966
0.7635443809196134,0.055010556219160914,OK,three_subpops,cgdd_12c_gr2fl,2991.957895157444,-1490.469559242094
0.3201433931976799,0.12009504177996178,OK,three_subpops,crain_gr2fl,2848.2080614519546,-1418.5946423893492
0.08311330021449857,0.05846632773901586,OK,three_subpops,crain_1d,1512.3252390742437,-750.6532312004939
0.09027176080812341,0.06000665218033231,OK,three_subpops,crain_2d,1644.806498840727,-816.8938610837356
0.08098303763543349,0.05334844672274989,OK,three_subpops,crain_3d,1673.4091426286566,-831.1951829777004
0.07750961702149872,0.06851999463621843,OK,three_subpops,crain_5d,1899.2221760717055,-944.1016996992248
0.2139450411435672,0.1193848183426603,OK,three_subpops,crain_7d,1944.8579091489867,-966.9195662378654
0.8430629908133119,0.03700795391073779,MO,Gulf,FL50,1210.2344560061317,-599.8493698440026
0.8412471810147477,0.03724607234332405,MO,Gulf,dyln_fl50,-73.26667371399448,41.90119501606057
0.8535182672549827,0.03550876659718587,MO,Gulf,dyln_change_sec,1261.9706180272974,-625.7174508545854
0.8227325599661091,0.043387175154386254,MO,Gulf,cgdd_12c_gr2fl,2138.4869243625726,-1063.975604022223
0.8329995467739644,0.04069742506375267,MO,Gulf,crain_gr2fl,1847.5378581869902,-918.5010709344318
0.590095640327169,0.10376874533849893,MO,Gulf,crain_1d,-39.83243517429766,25.18407574621216
0.8459981926103955,0.03768122786522619,MO,Gulf,crain_2d,766.8998549236754,-378.1820693027744
0.3952983402515473,0.1365837203130854,MO,Gulf,crain_3d,969.9431285415678,-479.7037061117206
0.25757306224381704,0.15309976974141484,MO,Gulf,crain_5d,1288.9366262319913,-639.2004549569324
0.2685406526344144,0.15367283031986703,MO,Gulf,crain_7d,1285.5190708970147,-637.491677289444
0.748777340798663,0.10901367267608002,MO,Midwest,FL50,737.4584776769104,-363.9501153453437
0.7249324705902994,0.11237837163851426,MO,Midwest,dyln_fl50,-171.81843098188264,90.68833898405285
0.7607928777898755,0.10917670759462413,MO,Midwest,dyln_change_sec,965.0223014548002,-477.7320272342886
0.7617455017673771,0.1060309854799096,MO,Midwest,cgdd_12c_gr2fl,1330.3741355620177,-660.4079442878973
0.8319743366438463,0.09148015320152263,MO,Midwest,crain_gr2fl,1026.217520555044,-508.32963678441047
0.8319743366438463,0.09148015320152263,MO,Midwest,crain_gr2fl,1026.217520555044,-508.32963678441047
0.2253600517394193,0.3801860559259793,MO,Midwest,crain_2d,695.5566226499858,-342.9991878318814
0.09207276088750878,0.31288260342545776,MO,Midwest,crain_3d,728.7953861111449,-359.61856956246095
0.38869729073126,0.2820192008607278,MO,Midwest,crain_5d,784.7559270246292,-387.59884001920307
0.36991371259869393,0.27869114358259683,MO,Midwest,crain_7d,809.3017721707686,-399.8717625922728
0.8343653577648223,0.03290827346046891,MO,Gulf_and_Midwest,FL50,1975.0171237914874,-981.7591689098355
0.8132468611835411,0.03647536124550398,MO,Gulf_and_Midwest,dyln_fl50,-172.36523887041568,91.9320124211161
0.8795906520164087,0.025087457737637906,MO,Gulf_and_Midwest,dyln_change_sec,2308.968799696007,-1148.7350068620951
0.8197850029936616,0.03711189731986306,MO,Gulf_and_Midwest,cgdd_12c_gr2fl,3488.6989336878974,-1738.6000738580403
0.779951467500084,0.047354607922464834,MO,Gulf_and_Midwest,crain_gr2fl,2919.6337004412235,-1454.0674572347034
0.9973226585283707,5.946302032871566e-4,MO,Gulf_and_Midwest,crain_1d,1234.0964716068183,-611.2988428175009
0.9419071914813256,0.013698420846408236,MO,Gulf_and_Midwest,crain_2d,1546.5030489326655,-767.5021314804245
0.5004440805654888,0.11698787412844555,MO,Gulf_and_Midwest,crain_3d,1738.737253870178,-863.6192339491807
0.26155434108017755,0.12884004088779685,MO,Gulf_and_Midwest,crain_5d,2070.1165487352337,-1029.3088813817085
0.28976810189398233,0.13167672068701672,MO,Gulf_and_Midwest,crain_7d,2090.5009311203285,-1039.5010725742559
0.6372410438620997,0.08147379879568602,MO,Atlantic,FL50,1373.1745786399947,-681.140551948331
0.5965216209854314,0.08959377725507528,MO,Atlantic,dyln_fl50,-307.74803544708686,159.32075509520973
0.6910695426486844,0.07524428520216062,MO,Atlantic,dyln_change_sec,1744.0653350961024,-866.5859301763849
0.6153348258529294,0.0875947823076509,MO,Atlantic,cgdd_12c_gr2fl,2522.5238001352923,-1255.8151626959798
0.5042214644330983,0.14950599347586738,MO,Atlantic,crain_gr2fl,2075.6307025449496,-1032.3686139008084
0.28211101813104666,0.13543803337206203,MO,Atlantic,crain_1d,1116.3257307669787,-552.716128011823
0.3787862827084124,0.2253126094629792,MO,Atlantic,crain_2d,1256.1157122763557,-622.6111187665115
0.645694880304557,0.19080977337373053,MO,Atlantic,crain_3d,1340.4494782924285,-664.7780017745479
0.3946356599215141,0.17252464569986722,MO,Atlantic,crain_5d,1468.5681419589166,-728.837333607792
0.4909319276161657,0.24966947565961836,MO,Atlantic,crain_7d,1447.4327234254715,-718.2696243410694
0.7694290543400536,0.035408887518691104,MO,three_subpops,FL50,3381.167128164767,-1684.2791152799614
0.751367574088682,0.03743341395739201,MO,three_subpops,dyln_fl50,-410.43023039496177,211.51956399990286
0.8061650449483692,0.03176725799034833,MO,three_subpops,dyln_change_sec,4054.566110596624,-2020.97860649589
0.740702372453721,0.04134725668563275,MO,three_subpops,cgdd_12c_gr2fl,6033.112374034555,-3010.2517382148553
0.6910646557394374,0.05690476440270905,MO,three_subpops,crain_gr2fl,5015.958331650121,-2501.6747170226386
0.6479959835209955,0.07666080068023355,MO,three_subpops,crain_1d,2527.355004952146,-1257.373053673651
0.8557191283471768,0.032377418564840034,MO,three_subpops,crain_2d,2821.2331048583037,-1404.3121036267298
0.5508975015357345,0.09167736261483982,MO,three_subpops,crain_3d,3073.352013801884,-1530.37155809852
0.262904053634903,0.09271893318753911,MO,three_subpops,crain_5d,3537.756018692444,-1762.5735605437999
0.21129317184807148,0.09933015392515389,MO,three_subpops,crain_7d,3546.0471245257086,-1766.7191134604323
0.4026721278620496,0.18658456802991893,NE,Gulf,FL50,503.4227035585475,-247.2227154095416
0.4314512752550891,0.17902343319188532,NE,Gulf,dyln_fl50,-64.54854282858766,36.76290778402597
0.18911168758544392,0.2270464809410667,NE,Gulf,dyln_change_sec,500.9251674103996,-245.97394733546764
0.013554871083341512,0.09435628689819411,NE,Gulf,cgdd_12c_gr2fl,904.0534531415492,-447.53809020104245
0.06622725353588586,0.11256604774995795,NE,Gulf,crain_gr2fl,801.6793663485114,-396.35104680452355
0.8698452321392237,0.04390165375847438,NE,Gulf,crain_1d,379.7281219211902,-185.37542459086296
0.8629280595858644,0.04623947945235449,NE,Gulf,crain_2d,383.9875908355117,-187.5051590480237
0.3315932970522984,0.22819650035252181,NE,Gulf,crain_3d,484.44430764587827,-237.73351745320699
0.26464638577922,0.19413866733401183,NE,Gulf,crain_5d,559.005460966433,-275.01409411348436
0.36510551411754033,0.18860003017963317,NE,Gulf,crain_7d,568.1927421015121,-279.6077346810239
0.9999991903883095,1.409322258777328e-7,NE,Midwest,FL50,413.35115777543814,-202.48592414569265
0.999999176245799,1.433944780855067e-7,NE,Midwest,dyln_fl50,-46.720756386938476,27.550032935495665
0.9999997567467769,4.234433321032456e-8,NE,Midwest,dyln_change_sec,522.3852627922271,-257.0029766540871
0.9999978244104655,3.787168534486523e-7,NE,Midwest,cgdd_12c_gr2fl,736.2319774457445,-363.9263339808458
0.9999997542282022,4.278238935192472e-8,NE,Midwest,crain_gr2fl,572.2455856308707,-281.9331380734089
1.6028893916469918e-6,0.6897913956814552,NE,Midwest,crain_1d,341.1858994634925,-166.40329498971983
0.3106064289435242,0.9709322927333486,NE,Midwest,crain_2d,410.20679727652185,-200.9137438962345
1.6227766835992838e-6,1.133313847969186,NE,Midwest,crain_3d,428.8951179983898,-210.2579042571685
0.9999994311151603,0.6731314660515435,NE,Midwest,crain_5d,465.8866406435638,-228.75366557975548
0.9999984328988013,2.727775750032919e-7,NE,Midwest,crain_7d,472.8354768450336,-232.22808368049039
0.7642346321339233,0.059711254075695844,NE,Gulf_and_Midwest,FL50,949.8689559676457,-469.88462197657327
0.7228923139792317,0.06600521741223285,NE,Gulf_and_Midwest,dyln_fl50,-83.56076354158283,46.83023777804095
0.8951540526201996,0.030662647206667563,NE,Gulf_and_Midwest,dyln_change_sec,1107.2204661802762,-548.5603770828885
0.7429634109067311,0.0663475925855535,NE,Gulf_and_Midwest,cgdd_12c_gr2fl,1683.3477794385926,-836.6240337120468
0.23737810666226972,0.1465873330283643,NE,Gulf_and_Midwest,crain_gr2fl,1382.8448025914415,-686.3725452884712
0.8969342745394713,0.032533327455888994,NE,Gulf_and_Midwest,crain_1d,720.9875631097191,-355.44392554761
0.9480793655389763,0.01621194689848579,NE,Gulf_and_Midwest,crain_2d,822.4062133051641,-406.1532506453325
0.6593298549617427,0.11494887219695893,NE,Gulf_and_Midwest,crain_3d,926.2572855418833,-458.0787867636921
0.5031190539525286,0.14639983825617045,NE,Gulf_and_Midwest,crain_5d,1035.3242639471425,-512.6122759663217
0.5798504882725042,0.1285753078875517,NE,Gulf_and_Midwest,crain_7d,1049.8548443950997,-519.8775661903003
0.9909888090102792,0.011452772246778339,NE,Atlantic,FL50,760.8083196348307,-375.5919754620429
0.987223686527497,0.01574391462230374,NE,Atlantic,dyln_fl50,-61.79864899380429,35.71150885227456
0.9988629682308733,0.0015130844581808833,NE,Atlantic,dyln_change_sec,907.0287928900322,-448.70221208964364
0.9370931080318765,0.0543004092797686,NE,Atlantic,cgdd_12c_gr2fl,1352.4903032196405,-671.4329672544478
0.5039055676291937,0.21652078465914007,NE,Atlantic,crain_gr2fl,1111.1799504391033,-550.7777908641792
1.3901118797315087e-6,1.772520591406088e-7,NE,Atlantic,crain_1d,562.3370441219802,-276.35633770561765
0.10843764069061428,0.2801473821590718,NE,Atlantic,crain_2d,697.5708152723536,-343.97322328080435
0.37872578695662923,0.37602184154076645,NE,Atlantic,crain_3d,755.9894464515066,-373.1825388703809
0.9996435877217253,5.032458443678949e-4,NE,Atlantic,crain_5d,843.6810099807803,-417.02832063501774
0.9996435877217253,5.032458443678949e-4,NE,Atlantic,crain_5d,843.6810099807803,-417.02832063501774
0.7946441999915345,0.044280816753056874,NE,three_subpops,FL50,1704.2400875627252,-846.4852541781934
0.7574628122580477,0.04904662997642838,NE,three_subpops,dyln_fl50,-158.33934461035636,84.80446190834743
0.9033425857431024,0.02499888659599449,NE,three_subpops,dyln_change_sec,2009.3256198192514,-999.0280203064565
0.7797205728161951,0.04854103677262916,NE,three_subpops,cgdd_12c_gr2fl,3030.9794962807964,-1509.8549585372289
0.37975261044734543,0.11381119617746349,NE,three_subpops,crain_gr2fl,2493.1235767533976,-1240.9269987735295
0.8710436355874507,0.03974105171199174,NE,three_subpops,crain_1d,1289.5977682216414,-639.1640945076515
0.9460550213148273,0.016003475661558086,NE,three_subpops,crain_2d,1518.1025874261184,-753.41650410989
0.6286094483802543,0.11707142731717686,NE,three_subpops,crain_3d,1676.911862810844,-832.8211418022528
0.5444461594694847,0.12085177591688624,NE,three_subpops,crain_5d,1885.6690673309793,-937.1997440623204
0.5789475964880395,0.1186756203536096,NE,three_subpops,crain_7d,1909.1100606028617,-948.9202406982616
0.8848754458090752,0.02954174000613971,IL,Gulf,FL50,768.7724154498876,-379.43744783456566
0.8824377125790326,0.030152569951152387,IL,Gulf,dyln_fl50,-106.43392806494779,58.16572392285207
0.9236423481414565,0.019638825149793954,IL,Gulf,dyln_change_sec,592.2502041581924,-291.1763421887181
0.6699596496066943,0.0794305952086074,IL,Gulf,cgdd_12c_gr2fl,1397.8462164951432,-693.9743483571934
0.5013052597647352,0.11665117640429816,IL,Gulf,crain_gr2fl,1269.2605051538415,-629.6814926865426
7.778769256637907e-4,0.030359345224554787,IL,Gulf,crain_1d,535.8715650122523,-262.987022615748
1.54896439923956e-7,0.04558715694301414,IL,Gulf,crain_2d,579.1567476707144,-284.62961394497904
0.4042755923294156,0.14728998304498483,IL,Gulf,crain_3d,716.0499820209168,-353.07623112008025
0.9347530872521913,0.016878057830610076,IL,Gulf,crain_5d,911.298434947865,-450.70045758355434
0.9113677616632386,0.022859443179013644,IL,Gulf,crain_7d,915.878585433062,-452.99053282615284
0.4167303456031121,0.7145788430154248,IL,Midwest,FL50,113.09803819053472,-53.60458011610092
0.3524516740800822,0.8053420702547694,IL,Midwest,dyln_fl50,-15.202948690976616,10.545913324654748
0.49703962058455187,0.6095689260425665,IL,Midwest,dyln_change_sec,140.55007283115432,-67.33059743641073
0.45107190920370077,0.6337365824948195,IL,Midwest,cgdd_12c_gr2fl,206.64836267697532,-100.37974235932123
0.8479542067866733,0.22390599380650977,IL,Midwest,crain_gr2fl,155.52459966190105,-74.81786085178409
0.9999193408445732,2.688640191835821e-5,IL,Midwest,crain_1d,38.17756137365994,-16.14434170766353
0.9999193408445732,2.688640191835821e-5,IL,Midwest,crain_1d,38.17756137365994,-16.14434170766353
0.9999193408445732,2.688640191835821e-5,IL,Midwest,crain_1d,38.17756137365994,-16.14434170766353
0.994068961859053,0.008665312818618199,IL,Midwest,crain_5d,139.54473857353597,-66.82793030760155
0.9937462762819489,0.009133923462865122,IL,Midwest,crain_7d,138.6191713628799,-66.36514670227352
0.8966037609903673,0.024894810245164233,IL,Gulf_and_Midwest,FL50,904.753085824711,-447.29513854737104
0.8912297652919491,0.026175502125317832,IL,Gulf_and_Midwest,dyln_fl50,-104.7394957861355,57.45115225805222
0.9285327636020347,0.017433438332595794,IL,Gulf_and_Midwest,dyln_change_sec,861.3836128098599,-425.6104020399455
0.7383659271757279,0.05837714043461075,IL,Gulf_and_Midwest,cgdd_12c_gr2fl,1625.4113837355806,-807.6242875028058
0.4725583196525747,0.11654505182143256,IL,Gulf_and_Midwest,crain_gr2fl,1436.261560276102,-713.0493757730666
0.004595719470756938,0.02866218661126998,IL,Gulf_and_Midwest,crain_1d,593.2940938955883,-291.5656425828097
0.33587462132525014,0.16502509321584352,IL,Gulf_and_Midwest,crain_2d,726.991877965904,-358.41453461796755
0.44254588175630544,0.1392189909685402,IL,Gulf_and_Midwest,crain_3d,828.6948166073231,-409.2660039386771
0.9367184492037639,0.01587391172939872,IL,Gulf_and_Midwest,crain_5d,1052.2581415132827,-521.0476663916569
0.9140204085940752,0.021533720600234122,IL,Gulf_and_Midwest,crain_7d,1056.103057729453,-522.970124499742
0.9676690544704444,0.022946661220037447,IL,Atlantic,FL50,353.54591509200844,-172.72990627816966
0.9601296296562493,0.028261865743487477,IL,Atlantic,dyln_fl50,-11.248594536898123,9.667348536283612
0.9944304557185665,0.004044496163417576,IL,Atlantic,dyln_change_sec,374.9390818147331,-183.42648963953198
0.8848076205905132,0.0720829688513899,IL,Atlantic,cgdd_12c_gr2fl,598.2956632323817,-295.1047803483563
0.3666130595144856,0.2847775223303754,IL,Atlantic,crain_gr2fl,505.9911224989082,-248.95250998161956
2.5028543771118476e-7,0.5703509200707986,IL,Atlantic,crain_1d,104.71716223809142,-48.31552985121116
0.9839557602165908,0.011671851362636215,IL,Atlantic,crain_2d,219.11335042267768,-105.51362394350429
0.9902559279593444,0.00715078919536425,IL,Atlantic,crain_3d,245.07255624953353,-118.49322685693221
0.9598106255244931,0.030169624983470297,IL,Atlantic,crain_5d,380.55012148068533,-186.2320094725081
0.9420250152373068,0.044307840516468286,IL,Atlantic,crain_7d,379.8423096193464,-185.87810354183864
0.905251665974123,0.020850887248456518,IL,three_subpops,FL50,1257.4520669869587,-623.3369617636629
0.8966735260708968,0.022693480169397543,IL,three_subpops,dyln_fl50,-122.62090340707816,66.69952343335558
0.9486993320589429,0.011510240467286291,IL,three_subpops,dyln_change_sec,1243.302822067369,-616.2623393038681
0.7666829609703518,0.046787020780866204,IL,three_subpops,cgdd_12c_gr2fl,2227.4632402885118,-1108.3425484144393
0.47008871907048394,0.09889903485841836,IL,three_subpops,crain_gr2fl,1947.7691242920312,-968.4954904161991
0.013165705610837377,0.02742819386874571,IL,three_subpops,crain_1d,746.9373242589346,-368.0795903996508
0.17777416361171966,0.13226074706107477,IL,three_subpops,crain_2d,957.7203201593001,-473.4710883498335
0.3264800805845925,0.141672507893917,IL,three_subpops,crain_3d,1094.8532094705945,-542.0375330054808
0.9305844813252179,0.016102694086028598,IL,three_subpops,crain_5d,1438.1353991106525,-713.6786278255098
0.9058086581308622,0.021821044908733305,IL,three_subpops,crain_7d,1440.5636975760888,-714.8927770582279
0.8847592680544346,0.022521438500082345,MI,Gulf,FL50,1361.6680694053696,-675.2467860442846
0.8737645056917135,0.02463249089667878,MI,Gulf,dyln_fl50,-285.52180311317545,148.34815021498798
0.9918773287183775,0.0015546420390044416,MI,Gulf,dyln_change_sec,946.5024731635732,-467.66398792338634
0.849390800006324,0.029511440813570097,MI,Gulf,cgdd_12c_gr2fl,2429.1320394629447,-1208.978771073072
0.6704556230223465,0.060855554146785854,MI,Gulf,crain_gr2fl,2153.339714463946,-1071.0826085735728
0.677604806980521,0.06253424519903962,MI,Gulf,crain_1d,1206.2138640055512,-597.5196833443754
0.5705207428962482,0.08215962064748894,MI,Gulf,crain_2d,1575.9731806252553,-782.3993416542274
0.5032048550504118,0.09320527266460094,MI,Gulf,crain_3d,1589.382922358414,-789.1042125208068
0.0832948997682992,0.09161229744539691,MI,Gulf,crain_5d,1564.862023520867,-776.8437631020333
0.4137727938228156,0.11056094240961484,MI,Gulf,crain_7d,1700.5284689003354,-844.6769857917675
0.9999989931679347,1.376501556721445e-7,MI,Midwest,FL50,687.2400686381931,-338.94720548463465
0.9999989485036458,1.4375646072382333e-7,MI,Midwest,dyln_fl50,-15.687140517826785,12.516399093375298
0.9999990294003155,1.3269653476291576e-7,MI,Midwest,dyln_change_sec,816.0588310660194,-403.3565866985478
0.9999990843660673,1.251819579572741e-7,MI,Midwest,cgdd_12c_gr2fl,1168.5090315473967,-579.5816869392364
0.9108656303696739,0.1961622739638202,MI,Midwest,crain_gr2fl,808.479191407655,-399.5667668693656
1.2659440016533932e-6,1.7306331333905396e-7,MI,Midwest,crain_1d,327.31826092718296,-158.98630162912957
9.28872792677178e-7,0.4406507533673335,MI,Midwest,crain_2d,464.6026982486897,-227.62852028988294
4.816924536059066e-7,0.46963259037060734,MI,Midwest,crain_3d,536.5340473186484,-263.5941948248623
0.5513190584090059,0.4480838229461523,MI,Midwest,crain_5d,603.2554800725236,-296.9549112017999
0.3701659876524896,0.43948246606575,MI,Midwest,crain_7d,604.7462219891578,-297.700282160117
0.9363395567223133,0.011296099855158066,MI,Gulf_and_Midwest,FL50,2104.414722226277,-1046.280435087168
0.9171527888437806,0.014593495944316786,MI,Gulf_and_Midwest,dyln_fl50,-266.90305247530847,139.37845226362464
0.9988766852183958,2.0285446088054492e-4,MI,Gulf_and_Midwest,dyln_change_sec,2041.966499868315,-1015.0563239081871
0.9418634662256137,0.010311360163337769,MI,Gulf_and_Midwest,cgdd_12c_gr2fl,3700.4381564756936,-1844.2921522118763
0.6603187229538531,0.05480624132952449,MI,Gulf_and_Midwest,crain_gr2fl,2985.012482058006,-1486.5793150030324
0.5765031587955143,0.07290456994979887,MI,Gulf_and_Midwest,crain_1d,1607.9165886975263,-798.0313683227928
0.4627947343055432,0.08770938175031011,MI,Gulf_and_Midwest,crain_2d,2119.5535130847875,-1053.8498305164233
0.40358991526606974,0.09675171688997475,MI,Gulf_and_Midwest,crain_3d,2157.5205884998286,-1072.8333682239438
0.30081618207715555,0.08935597104825645,MI,Gulf_and_Midwest,crain_5d,2174.919082353848,-1081.5326151509535
0.39514526903183944,0.0924527844345199,MI,Gulf_and_Midwest,crain_7d,2326.6659348867784,-1157.4060414174187
0.8409856955356331,0.06198260629391719,MI,Atlantic,FL50,1290.624178048994,-640.0187841997725
0.8437336358240566,0.06364920557397438,MI,Atlantic,dyln_fl50,12.546174337216382,-0.9797823438836986
0.826467804613983,0.06026036636375349,MI,Atlantic,dyln_change_sec,1443.8330497232546,-716.6232200369028
0.8287951879046074,0.0626397844252952,MI,Atlantic,cgdd_12c_gr2fl,2162.597222761076,-1076.0053065558134
0.763596178324507,0.1084762128213891,MI,Atlantic,crain_gr2fl,1554.8856604694354,-772.1495254099932
0.5324391849426319,0.21833856518148953,MI,Atlantic,crain_1d,566.971878530142,-278.1926344403465
0.4199967858167552,0.21796782624166006,MI,Atlantic,crain_2d,838.4238532625166,-413.9186218065338
0.30229732623077166,0.1941105802266522,MI,Atlantic,crain_3d,963.9228743386801,-476.66813234461557
0.2965939413913012,0.2221534543201302,MI,Atlantic,crain_5d,1202.1339951187042,-595.7736927346276
0.30508501207824323,0.21299295196206183,MI,Atlantic,crain_7d,1188.2836393999276,-588.8485148752393
0.9209650349227241,0.012712156359326944,MI,three_subpops,FL50,3387.8129951500564,-1687.5521275342307
0.9072889069214786,0.01477268283735963,MI,three_subpops,dyln_fl50,-274.85730114710856,143.78302061435164
0.960793214896175,0.0065139487876028634,MI,three_subpops,dyln_change_sec,3733.805240099546,-1860.5482500089756
0.9215431556189047,0.012577242961634753,MI,three_subpops,cgdd_12c_gr2fl,5873.008664969725,-2930.1499624440653
0.6641741246839632,0.046202965634340495,MI,three_subpops,crain_gr2fl,4552.275085318137,-2269.7831726182712
0.42765908039100337,0.07899694391901743,MI,three_subpops,crain_1d,2299.379635450274,-1143.3354476843394
0.3286359313372536,0.08020021183344787,MI,three_subpops,crain_2d,3077.2980027600897,-1532.2946313392474
0.28222377585649966,0.08405522875794601,MI,three_subpops,crain_3d,3172.9461978454483,-1580.1187288819267
0.34160567686015575,0.07854735207231246,MI,three_subpops,crain_5d,3371.68250123649,-1679.4868805774477
0.36644395520718115,0.07703658691280432,MI,three_subpops,crain_7d,3515.5963984401055,-1751.4438291792553
0.8836908853844698,0.03857334584925384,SD,Gulf,FL50,383.1416157189971,-187.25331974596224
0.8748389226705476,0.04146687198850533,SD,Gulf,dyln_fl50,-69.93518470527368,39.285080466173156
0.9731120884342923,0.009009787635836953,SD,Gulf,dyln_change_sec,299.75891081068033,-145.56196729180385
0.8084732006903205,0.06376918588877564,SD,Gulf,cgdd_12c_gr2fl,667.8160526358505,-329.59053820438896
0.8470263264496479,0.05097545831986164,SD,Gulf,crain_gr2fl,689.8634821215409,-340.61425294723415
0.9404619571837866,0.020467435705774733,SD,Gulf,crain_1d,429.58088311963803,-210.4729534462827
0.9760311677903769,0.00814671392966587,SD,Gulf,crain_2d,468.7021844593999,-230.03360411616364
0.793887746643581,0.07035758701088367,SD,Gulf,crain_3d,548.928768964871,-270.1468963688992
0.08313572993274196,0.11232198930707579,SD,Gulf,crain_5d,693.6415290747674,-342.5032764238474
1.5189580680683833e-8,2.4804202312546766e-9,SD,Gulf,crain_7d,1104.2274905046347,-547.796257138781
0.9999994044939404,1.0695500762974106e-7,SD,Midwest,FL50,350.5173252843401,-171.13152825712496
0.9999994475871681,9.921532297027968e-8,SD,Midwest,dyln_fl50,-39.32318250067696,23.78872563538357
0.9999991915300135,1.4520382736041396e-7,SD,Midwest,dyln_change_sec,404.75956865919915,-198.2526499445545
0.9999993642764139,1.1417821753938249e-7,SD,Midwest,cgdd_12c_gr2fl,600.5166293201701,-296.1311802750399
0.9999990457548585,1.7138490508211944e-7,SD,Midwest,crain_gr2fl,527.5200760042674,-259.6329036170886
1.5127864444138693e-6,2.716817233087587e-7,SD,Midwest,crain_1d,186.4260057510214,-89.0858684904656
1.4907655320625215e-6,2.6773431346836814e-7,SD,Midwest,crain_2d,377.6420126649331,-184.69387194742146
7.165641691762228e-7,1.2869141090058436e-7,SD,Midwest,crain_3d,395.757808614574,-193.75176992224192
1.2219442394879723e-6,2.194509774899941e-7,SD,Midwest,crain_5d,464.89837951150224,-228.32205537070604
1.2636198208012743e-6,2.269354666854196e-7,SD,Midwest,crain_7d,462.6822421362372,-227.21398668307353
0.9042595952517106,0.026898301506227885,SD,Gulf_and_Midwest,FL50,748.1945447752487,-369.17001870246713
0.8888949650423674,0.030763976687810845,SD,Gulf_and_Midwest,dyln_fl50,-98.30530044693388,54.079903908624146
0.9902625519247129,0.002902158076897516,SD,Gulf_and_Midwest,dyln_change_sec,731.5182791012007,-360.83188586544316
0.8714771497925108,0.03643370371076029,SD,Gulf_and_Midwest,cgdd_12c_gr2fl,1281.9732247948668,-636.0593587122762
0.793485860556423,0.05615409959604733,SD,Gulf_and_Midwest,crain_gr2fl,1245.149955924077,-617.6477242768813
0.8665615351399613,0.04044808212218176,SD,Gulf_and_Midwest,crain_1d,751.1680608437389,-370.65677673671223
0.9580180121502385,0.012697923552323537,SD,Gulf_and_Midwest,crain_2d,871.9509977528043,-431.0482451912449
0.6591167717648798,0.10134527735213367,SD,Gulf_and_Midwest,crain_3d,970.4634425069107,-480.30446756829815
0.10858788237090763,0.07345170516561403,SD,Gulf_and_Midwest,crain_5d,1205.0416822590682,-597.5935874443769
0.006016469070592288,0.01991328138271853,SD,Gulf_and_Midwest,crain_7d,1940.0988220823551,-965.1221573560204
0.9743784824937355,0.02974562370935823,SD,Atlantic,FL50,659.300183370085,-325.0057007859011
0.9747767127059863,0.029443969570389746,SD,Atlantic,dyln_fl50,13.798447887016724,-2.2548330443669897
0.972717222140154,0.03125058203640353,SD,Atlantic,dyln_change_sec,708.0794085703367,-349.39531338602694
0.9804636025418729,0.023083801763706325,SD,Atlantic,cgdd_12c_gr2fl,1040.9169252491088,-515.814071725413
0.9301325439624966,0.08000140814311442,SD,Atlantic,crain_gr2fl,972.645734422389,-481.6784763120531
0.033313821470520456,0.26395815794513194,SD,Atlantic,crain_1d,374.6387353651017,-182.67497678340948
0.13494497265022493,0.30914369859021795,SD,Atlantic,crain_2d,689.9331818461117,-340.32220002391443
0.17054787541458005,0.37791125217805666,SD,Atlantic,crain_3d,714.576917018532,-352.6440676101246
0.9714990913012709,0.03864910106173072,SD,Atlantic,crain_5d,799.5585579843203,-395.13488809301873
0.9804569342598284,0.02692641120450487,SD,Atlantic,crain_7d,798.829605187902,-394.7704116948096
0.9239319066404,0.019658992250723498,SD,three_subpops,FL50,1401.4796109439003,-695.2467440286096
0.910559680912762,0.02277317889712159,SD,three_subpops,dyln_fl50,-96.57441031282244,53.78026659975177
0.990593417206055,0.0026087597456810395,SD,three_subpops,dyln_change_sec,1435.9830945129008,-712.4984858131098
0.8959179820802539,0.026465627783830322,SD,three_subpops,cgdd_12c_gr2fl,2318.770277020751,-1153.892077067035
0.8054591269987947,0.047510971213552806,SD,three_subpops,crain_gr2fl,2216.803503329577,-1102.9086902214478
0.7495873404216824,0.07136534104980333,SD,three_subpops,crain_1d,1237.8968825639108,-613.4553798386148
0.9413986199799246,0.01767499618986461,SD,three_subpops,crain_2d,1573.2102084989745,-781.1120428061466
0.5462750861577409,0.12031757141303095,SD,three_subpops,crain_3d,1686.2379365205156,-837.6259068169172
0.09713630235689012,0.0525859757589274,SD,three_subpops,crain_5d,2035.7227535169673,-1012.368315315143
0.00819707283007029,0.014153516289576212,SD,three_subpops,crain_7d,3270.3602922003292,-1629.687084656824
0.18952082367438583,0.06110986509181048,eight_sites,Gulf,FL50,9729.042981214554,-4853.653008005886
0.3358023948620108,0.0726575652372317,eight_sites,Gulf,dyln_fl50,-727.5921224295608,374.6645438161722
0.04573512087770067,0.021358713524398217,eight_sites,Gulf,dyln_change_sec,10407.006926698996,-5192.6349807481065
0.16197738412921686,0.04775044413111561,eight_sites,Gulf,cgdd_12c_gr2fl,17874.910494413234,-8926.586764605225
0.030767196729424726,0.014748288922433293,eight_sites,Gulf,crain_gr2fl,13405.367387798653,-6691.815211297935
0.05353634693935115,0.021624907285046888,eight_sites,Gulf,crain_1d,6819.249818540919,-3398.7564266690674
0.05532593010629658,0.022438320745623977,eight_sites,Gulf,crain_2d,7942.285984776015,-3960.2745097866155
0.045139769230972335,0.020635652308400244,eight_sites,Gulf,crain_3d,8295.236274284,-4136.749654540608
0.0035412656205099646,0.003808553601078568,eight_sites,Gulf,crain_5d,9951.699295377011,-4964.981165087114
1.240166565731548e-9,5.800072020052756e-11,eight_sites,Gulf,crain_7d,16355.443308093756,-8166.853171445487
0.09748415283188194,0.04461620739772479,eight_sites,Midwest,FL50,3928.197196517824,-1954.461294723054
0.14446757243866293,0.05199493950347222,eight_sites,Midwest,dyln_fl50,-580.1981958079703,299.73640143984323
0.06865299998639957,0.03333585966262151,eight_sites,Midwest,dyln_change_sec,4796.176689391473,-2388.4510411598785
0.3681025024686109,0.05241303111173681,eight_sites,Midwest,cgdd_12c_gr2fl,7194.025056046138,-3587.375224487211
0.061338397688588765,0.027066848369477554,eight_sites,Midwest,crain_gr2fl,5994.62486867856,-2987.6751308034222
0.014874959154329731,0.03818780015842738,eight_sites,Midwest,crain_1d,3245.319566923894,-1613.0224799260889
0.03635499957198796,0.04028234360909853,eight_sites,Midwest,crain_2d,3795.9347624009415,-1888.3300776646126
0.0543132507968516,0.040579178573630983,eight_sites,Midwest,crain_3d,4065.6633117543083,-2023.194352341296
1.0300352160111886e-7,0.03109726298846787,eight_sites,Midwest,crain_5d,4637.527073053503,-2309.1262329908936
0.034798763588972347,0.03646031707731805,eight_sites,Midwest,crain_7d,4729.9481769889035,-2355.336784958594
0.17998627866884334,0.06080895058112171,eight_sites,Gulf_and_Midwest,FL50,13919.655773952254,-6948.411607790535
0.2867855858146881,0.03172428484014029,eight_sites,Gulf_and_Midwest,dyln_fl50,-139.812255455101,81.32240691314337
0.07514953992621487,0.032758077380482746,eight_sites,Gulf_and_Midwest,dyln_change_sec,15841.884038738288,-7909.5257401835515
0.20083378700806423,0.04060666367854917,eight_sites,Gulf_and_Midwest,cgdd_12c_gr2fl,25886.114541033647,-12931.640991331231
0.05120480631755128,0.021115555287445867,eight_sites,Gulf_and_Midwest,crain_gr2fl,19669.522590939858,-9823.345016284336
0.03852154147641697,0.019292448413558448,eight_sites,Gulf_and_Midwest,crain_1d,10143.071656035261,-5060.119548832038
0.04444973216423332,0.020131577048834767,eight_sites,Gulf_and_Midwest,crain_2d,11840.126020725778,-5908.646731177297
0.04627838759001747,0.019382984217832893,eight_sites,Gulf_and_Midwest,crain_3d,12524.611742985255,-6250.889592307035
0.002961274685369632,0.003736738640972064,eight_sites,Gulf_and_Midwest,crain_5d,14843.409217536595,-7410.288329582705
3.1734737826202695e-4,0.0014145177436471704,eight_sites,Gulf_and_Midwest,crain_7d,22846.201097361074,-11411.684269494945
0.1266733658021753,0.05106860520219514,eight_sites,Atlantic,FL50,7651.00590337224,-3814.8892383901525
0.1617705831665728,0.032361478507291715,eight_sites,Atlantic,dyln_fl50,-474.95522600462783,248.0913262982815
0.0715674718953799,0.033247784654371754,eight_sites,Atlantic,dyln_change_sec,9049.532149294633,-4514.152361351349
0.2792217288458467,0.047818273913053704,eight_sites,Atlantic,cgdd_12c_gr2fl,14197.130544505972,-7087.951558957018
0.0536962002828183,0.02225477381059629,eight_sites,Atlantic,crain_gr2fl,11335.307997967653,-5657.040285687859
0.009846502162343106,0.013950685200007303,eight_sites,Atlantic,crain_1d,5609.46045244513,-2794.1165129265974
2.9545828799272915e-8,0.014596890135937547,eight_sites,Atlantic,crain_2d,6610.480137108777,-3294.626355258421
0.005307326157486539,0.016912236050768744,eight_sites,Atlantic,crain_3d,6986.128970501088,-3482.4507719545763
0.034792508045312726,0.01892280597530507,eight_sites,Atlantic,crain_5d,8250.032847153374,-4114.4027102807195
0.02670473624791986,0.018817927905017642,eight_sites,Atlantic,crain_7d,8362.49155022116,-4170.632061814613
0.1551303153031498,0.05526295920993717,eight_sites,three_subpops,FL50,21599.863985552132,-10787.823759813784
0.23695829695131718,0.020874894024181582,eight_sites,three_subpops,dyln_fl50,-248.55385881069813,136.38516236763144
0.07186763049142786,0.03168741935968134,eight_sites,three_subpops,dyln_change_sec,24938.634014779906,-12457.20877442767
0.20642571016164082,0.036644364153802976,eight_sites,three_subpops,cgdd_12c_gr2fl,40449.97583306825,-20212.879683571842
0.05181361270027605,0.020569383584245468,eight_sites,three_subpops,crain_gr2fl,31035.81463482225,-15505.799084448843
0.011986861054816193,0.010179057332114431,eight_sites,three_subpops,crain_1d,15768.821024632798,-7872.302279354117
0.013198580560489104,0.01046946384223505,eight_sites,three_subpops,crain_2d,18468.67730482996,-9222.230419452697
0.024579116099287864,0.012106628214187334,eight_sites,three_subpops,crain_3d,19533.288816956938,-9754.536175516187
0.006851207779008833,0.005047577099819769,eight_sites,three_subpops,crain_5d,23159.233233920357,-11567.508383997896
6.297037704623969e-4,0.001137692197988115,eight_sites,three_subpops,crain_7d,34775.28416605119,-17375.53385006331
0.19804444238446572,0.05931785126158214,nine_sites,Gulf,FL50,10578.010659435315,-5277.99213212178
0.35763934953446325,0.06894195712595567,nine_sites,Gulf,dyln_fl50,-884.5782191045708,453.3023071481625
0.0447064100021228,0.0196882200061482,nine_sites,Gulf,dyln_change_sec,11326.530301404464,-5652.251953106354
0.16202422310191528,0.04537128432351336,nine_sites,Gulf,cgdd_12c_gr2fl,19558.546488951582,-9768.260046879914
0.02899361900415497,0.013222278804021338,nine_sites,Gulf,crain_gr2fl,14695.59599621031,-7336.784800509277
0.04755362638310911,0.01985785569376584,nine_sites,Gulf,crain_1d,7410.513574124157,-3694.2435894662012
0.05114964214617136,0.020807143544980044,nine_sites,Gulf,crain_2d,8628.065766829353,-4303.019685818799
0.04853598737788556,0.019997949094067373,nine_sites,Gulf,crain_3d,9046.770423367972,-4512.372014088109
0.0013181085568431852,0.002670197885121554,nine_sites,Gulf,crain_5d,10961.205566427974,-5469.58958561811
2.6489901675456522e-9,1.154808048823183e-10,nine_sites,Gulf,crain_7d,17862.57425912377,-8920.273931966007
0.10279511883482258,0.04399301476508965,nine_sites,Midwest,FL50,4038.7310102563556,-2009.6803506448196
0.15336041294230032,0.05136535062867991,nine_sites,Midwest,dyln_fl50,-611.4599062133184,315.41510759001744
0.07160453755174366,0.03262496033866125,nine_sites,Midwest,dyln_change_sec,4936.228839619003,-2458.4292653261436
0.3763501730805479,0.051686383719749415,nine_sites,Midwest,cgdd_12c_gr2fl,7407.76081820164,-3694.195254617462
0.06561322129362857,0.027076591687555236,nine_sites,Midwest,crain_gr2fl,6173.374065312702,-3077.001878172993
0.007462299752165274,0.03616290825780038,nine_sites,Midwest,crain_1d,3331.36085501563,-1655.9952730244568
0.019800482787363446,0.03686557831081824,nine_sites,Midwest,crain_2d,3910.516594604067,-1945.5731428186753
0.0471275976259243,0.03928816214665137,nine_sites,Midwest,crain_3d,4184.367275131099,-2082.4984830821913
1.2179923812769128e-7,0.02995779751466595,nine_sites,Midwest,crain_5d,4780.307067987336,-2380.46837951031
0.03199006089972928,0.03560024552539587,nine_sites,Midwest,crain_7d,4873.463809837824,-2427.046750435554
0.18847498324466727,0.0587849316308612,nine_sites,Gulf_and_Midwest,FL50,14888.086000677338,-7432.51100458908
0.3036102520846915,0.030949798388058197,nine_sites,Gulf_and_Midwest,dyln_fl50,-253.8366792517525,138.45033537546578
0.07735451929003051,0.031475968132605926,nine_sites,Gulf_and_Midwest,dyln_change_sec,16976.139137731476,-8476.537573116148
0.19653681498160283,0.038614160420804906,nine_sites,Gulf_and_Midwest,cgdd_12c_gr2fl,27837.02485616394,-13906.980432332379
0.046279251997710755,0.018325218902619747,nine_sites,Gulf_and_Midwest,crain_gr2fl,21202.150274287527,-10589.543141394173
0.03300921766681902,0.017799330351192046,nine_sites,Gulf_and_Midwest,crain_1d,10830.943992286662,-5403.940000393742
0.038670199170875975,0.018548829083183015,nine_sites,Gulf_and_Midwest,crain_2d,12663.974166755694,-6320.455087628257
0.047039029284364355,0.01873380614285989,nine_sites,Gulf_and_Midwest,crain_3d,13415.882029054135,-6696.409018777478
5.621642330975188e-4,0.001994293741568331,nine_sites,Gulf_and_Midwest,crain_5d,15997.255544623029,-7987.095776561925
1.950099551642655e-4,0.001268869051256283,nine_sites,Gulf_and_Midwest,crain_7d,24510.944813101465,-12243.940410801142
0.1303133899582701,0.04867445028696834,nine_sites,Atlantic,FL50,7996.771913597339,-3987.7004476208626
0.17731165873066276,0.031906708875120655,nine_sites,Atlantic,dyln_fl50,-514.7691667599186,268.0700925577662
0.07208849570234342,0.03133869702843333,nine_sites,Atlantic,dyln_change_sec,9462.046036879605,-4720.337509261995
0.26402892568895014,0.043395353554284095,nine_sites,Atlantic,cgdd_12c_gr2fl,14875.309105723221,-7426.969043683804
0.04766813213061215,0.01890374316619825,nine_sites,Atlantic,crain_gr2fl,11886.988460774326,-5932.808721209356
0.009697196471330686,0.013361442911764299,nine_sites,Atlantic,crain_1d,5828.456096789112,-2903.542539216749
0.0010699496558863929,0.014281774425638145,nine_sites,Atlantic,crain_2d,6886.640586058862,-3432.634783851624
0.004034756094416275,0.015818107749295887,nine_sites,Atlantic,crain_3d,7284.9623756800365,-3631.7956786622112
0.030205067267181352,0.017685476163385783,nine_sites,Atlantic,crain_5d,8634.789798299153,-4306.709389971769
0.024701019885739247,0.01779466110972862,nine_sites,Atlantic,crain_7d,8747.424156002757,-4363.026568823571
0.16201453266658847,0.05325118080200842,nine_sites,three_subpops,FL50,22901.34302958768,-11438.463667687947
0.2501718530923947,0.020350859779549934,nine_sites,three_subpops,dyln_fl50,-379.36510397714693,201.89039909446592
0.07387789967427387,0.030337450561736173,nine_sites,three_subpops,dyln_change_sec,26490.65189154217,-13233.118098665193
0.19984733927473086,0.034454574260193084,nine_sites,three_subpops,cgdd_12c_gr2fl,43081.84806985654,-21528.716187822378
0.04693170586729923,0.017802819579817185,nine_sites,three_subpops,crain_gr2fl,33121.01468269772,-16548.29949424297
0.01001593538350653,0.009129048123771223,nine_sites,three_subpops,crain_1d,16673.287057021236,-8324.435681404726
0.012981203969601013,0.009778794670273178,nine_sites,three_subpops,crain_2d,19564.60448707854,-9770.094396433378
0.02425350275475275,0.011529162381618805,nine_sites,three_subpops,crain_3d,20720.295594595475,-10347.939950191845
0.0053059388027796766,0.0043078504274128675,nine_sites,three_subpops,crain_5d,24707.43861300163,-12341.511459394922
5.459469962391537e-4,0.0010404462274577514,nine_sites,three_subpops,crain_7d,36939.258271073646,-18457.42128843093
